Frames,CellNum,Area,CentroidX,CentroidY,MjrAxisLength,MnrAxisLength,Eccentricity,Orientation,ConvexArea,FilledArea,EquivDiameter,Solidity,Extent,Perimeter,PerimOld,ConvexPerim,FibLen,InscribeR,BlebLen,CenterX,CenterY
1,1,2135,187.31850117096,323.592505854801,112.553108140027,42.7754231764241,0.924967351508231,-24.0515980031257,4751,2135,52.1379557329358,0.449379078088823,0.246763754045307,419.525,443.972654789532,285.189,139.781814575195,10.6301460266113,105.053871154785,193,327
2,1,2147,184.376804843968,319.985561248253,129.135699616916,30.5327233507666,0.971646320013599,-4.20627292572534,4183,2147,52.2842739506479,0.513267989481234,0.428030303030303,410.453,432.07315985292,304.422,155.296508789062,10.8166542053223,76.284294128418,183,320
3,1,2244,174.633689839572,320.762032085561,140.180227553325,30.6257643875711,0.975842722896002,-6.21331842533259,4351,2244,53.4523108797525,0.515743507239715,0.358695652173913,411.172,434.901586977666,314.528,160.296524047852,10.1980390548706,81.9117202758789,177,319
4,1,2182,174.346929422548,318.358845096242,143.266305899021,28.0056591468137,0.980707741480464,-3.29366525317038,4348,2182,52.7087154710881,0.501839926402944,0.401545822598454,445.402,468.901586977666,324.162,167.296508789062,9,82.5980072021484,180,320
5,1,1664,163.808894230769,319.578725961538,102.128817370793,26.9118099418191,0.964657078098093,-12.5336677080955,2365,1664,46.0290191340127,0.703594080338266,0.411881188118812,263.681,277.220346110534,227.156,115.083297729492,11.7046995162964,77.284294128418,184,322
6,1,1962,156.691131498471,323.635066258919,111.268554012165,37.5466041932878,0.941346576490755,-19.8896482307714,3521,1962,49.9809562410563,0.557228060210168,0.259936406995231,351.899,371.0609665441,274.91,133.397018432617,11.1803398132324,91.1837921142578,175,326
7,1,2152,149.069237918216,329.703066914498,125.924505902242,31.9328571110979,0.967312501010375,-36.1554096005774,3526,2152,52.3451191637775,0.610323312535451,0.237213403880071,367.879,388.07315985292,286.575,145.923950195312,12.0415945053101,66.4264297485352,147,325
8,1,2432,144.856496710526,327.138569078947,131.845621902345,48.3712217791282,0.930269173463803,-38.786549758357,5257,2432,55.6463707064164,0.462621266882252,0.206101694915254,461.05,488.256926036994,332.15,170.066101074219,12.806248664856,79.4264373779297,145,325
9,1,2036,145.091355599214,320.874263261297,77.4414043835104,56.9535797241116,0.677588824049539,-44.7338420826035,4087,2036,50.9147887463043,0.498164913139222,0.308484848484848,374.27,396.274169979696,253.284,114.468086242676,13.0384044647217,62.5979995727539,148,323
10,1,1885,145.262599469496,322.264190981432,87.1256764625166,40.3861100253519,0.886076751515649,87.5959208158925,3266,1885,48.9903719298576,0.577158603796693,0.406162464985994,317.437,336.575685169861,223.552,113.568588256836,11.0453605651855,49.1421432495117,152,321
1,2,2199,214.6230104593,968.25102319236,122.203249726791,45.0492978001906,0.929571293539338,-83.624820889569,4481,2199,52.9136443544822,0.490738674403035,0.286030176899063,344.214,363.948268171892,297.834,149.781814575195,12,84.9411468505859,221,981
2,2,1946,213.223021582734,969.993833504625,116.979668746757,37.4295831077952,0.947428834007788,-84.6627970232072,3524,1946,49.7767431041307,0.552213393870602,0.321652892561983,302.748,319.220346110534,277.456,143.367584228516,12.5299644470215,76.5269317626953,219,983
3,2,2238,210.705987488829,970.850759606792,130.779877721379,44.8996432072034,0.939217666813854,-83.7504687092992,4653,2238,53.3808027395364,0.480980012894906,0.30623973727422,349.043,369.462986797653,297.016,151.539169311523,11.4017543792725,82.9411468505859,218,983
4,2,2174,210.624195032199,966.506899724011,120.40027584111,51.9852029053541,0.901983836124145,-80.7498756578566,4741,2174,52.6120021502152,0.458553047880194,0.257521914238332,354.957,376.67619023325,306.057,147.953384399414,12.0415945053101,79.5269317626953,216,981
5,2,2164,208.689926062847,963.010628465804,119.729997677943,51.5799025241002,0.902446552576215,-80.9951572084348,4768,2164,52.4908599168169,0.453859060402685,0.244796380090498,359.052,380.475180106473,311.152,152.781814575195,12.2065553665161,82.6985015869141,215,976
1,3,1158,240.377374784111,694.869602763385,40.317351304335,37.0634789755811,0.393572689060353,-51.0521237333485,1218,1158,38.398064961705,0.950738916256158,0.742307692307692,131.141,138.953318805774,122.548,44.8700637817383,16.1245155334473,11.2426414489746,240,694
2,3,1162,238.396729776248,692.89586919105,39.6303518528263,37.7873216241186,0.3014104872211,19.680988450306,1219,1162,38.4643256925461,0.9532403609516,0.764473684210526,134.317,141.78174593052,122.068,46.7989921569824,16,6.41421365737915,237,693
3,3,1126,235.505328596803,693.184724689165,39.0730260850321,36.9088172642285,0.328191589175036,27.9742294694623,1185,1126,37.8638049774688,0.950210970464135,0.759784075573549,131.439,139.195959492893,120.464,44.0416297912598,16,4,235,694
4,3,1114,232.787253141831,696.492818671454,38.8283979552261,36.7793050758568,0.320563722146551,-53.3338116085445,1160,1114,37.6615035923285,0.960344827586207,0.751686909581646,126.866,134.024386617639,118.438,41.0416297912598,15.6204996109009,4,233,696
5,3,1125,231.262222222222,694.701333333333,39.8826615454737,36.3942565757774,0.409002426026082,-62.805677826015,1216,1125,37.8469878303024,0.925164473684211,0.670840787119857,136.972,144.852813742386,123.747,49.6274223327637,16.1554946899414,6.8284273147583,231,694
6,3,1083,228.903970452447,692.556786703601,38.6080322842783,36.1717716269787,0.349603980893202,-35.1503479312104,1155,1083,37.1337909046219,0.937662337662338,0.712031558185404,135.492,143.095454429505,118.752,46.8700637817383,16,7.41421365737915,229,692
7,3,1234,226.666126418152,696.934359805511,43.1368540266707,36.7885025154056,0.522184895291804,65.1966396132017,1294,1234,39.6380826756693,0.953632148377125,0.701136363636364,138.213,145.923881554251,126.452,46.2132110595703,15.6204996109009,5.41421365737915,226,696
8,3,1213,230.079967023908,700.314921681781,44.2052488626258,35.8856107422016,0.58394219187055,-86.3144803972348,1272,1213,39.2993583632577,0.953616352201258,0.679171332586786,139.032,145.923881554251,128.032,48.7989959716797,15.8113880157471,8.8284273147583,229,698
9,3,1254,229.440988835726,701.163476874003,49.3560764512996,35.4226923385661,0.69635585133501,-85.2484491050958,1462,1254,39.9580078219359,0.857729138166895,0.578947368421053,176.71,188.066017177982,146.184,64.3847808837891,16,23.656852722168,229,698
10,3,1392,236.037356321839,695.658045977012,49.368378370213,39.9274755231396,0.588130293368598,-15.4811637403826,1594,1392,42.099280828434,0.8732747804266,0.562424242424242,167.142,176.651803615609,151.089,64.1127166748047,15.65247631073,19.3137073516846,235,695
1,4,1518,570.33860342556,418.409090909091,103.67990851253,23.4385080133594,0.974111974201743,77.835006023512,2008,1518,43.9633668968606,0.75597609561753,0.397903014416776,245.963,259.237590053236,238.097,118.355369567871,11,75.970573425293,570,430
2,4,1512,569.10582010582,419.212962962963,86.7720469412742,25.2708746314239,0.956652183166203,78.5571038059124,1915,1512,43.8763967485887,0.789556135770235,0.478178368121442,224.618,238.066017177982,206.431,99.3553619384766,12,65.7989959716797,567,434
3,4,1619,569.024088943792,416.045707226683,93.3943898791377,28.0557676998143,0.953813001517578,80.9415827366378,2458,1619,45.4023658296154,0.6586655817738,0.408838383838384,262.041,276.450793488833,228.958,110.012222290039,11.4017543792725,79.6274337768555,565,432
4,4,1553,567.502897617514,421.148744365744,83.9127349926453,27.7100167465617,0.943902521528888,83.4427823096295,2023,1553,44.4673027400326,0.76767177459219,0.511528326745718,224.271,235.823376490863,204.826,99.5269393920898,12.0415945053101,79.3847885131836,566,437
5,4,1747,566.536920435031,420.603892386949,93.1360247932674,31.6272234670481,0.940576818500118,84.0865933966216,2482,1747,47.1630097073154,0.703867848509267,0.410962126558457,275.537,290.551298552221,241.133,123.083305358887,12.0830459594727,65.3847885131836,565,428
6,4,1678,568.249702026222,421.677592371871,88.6354399793862,28.0454800069921,0.948621252799917,84.0643317561876,2331,1678,46.2222452512381,0.71986271986272,0.436070686070686,279.151,295.622366364087,225.767,115.840660095215,11.0453605651855,65.1421432495117,566,431
7,4,1722,562.937282229965,422.962833914053,82.6442760687738,35.0607740300955,0.905551114619277,84.3339074137356,2472,1722,46.8243365786847,0.696601941747573,0.386531986531987,258.302,272.066017177983,227.14,110.769584655762,14,61.3137130737305,561,429
8,4,1891,560.691168693813,421.633527234268,100.63593302628,36.1861548527696,0.933116228721474,86.1045533124572,3167,1891,49.0682787459902,0.597095042627092,0.373715415019763,305.715,322.936074863071,260.41,130.669082641602,14,71.7990036010742,558,429
9,4,1800,559.374444444444,416.927222222222,87.3632893589743,32.7496027047412,0.927078654102997,76.3083769008185,2521,1800,47.8730736481719,0.714002380007933,0.397175639894086,264.348,278.79393923934,234.698,115.426445007324,14.1421356201172,75.970573425293,556,428
10,4,1690,559.147337278107,415.869230769231,93.7696634184433,34.1909548126655,0.931153650968361,79.5927402211569,2701,1690,46.387227019972,0.625694187338023,0.41421568627451,287.678,304.107647738325,236.682,119.698501586914,14.8660688400269,65.1421432495117,559,425
1,5,1913,656.27443805541,172.496602195504,153.438965951162,28.7657688444808,0.982269625037715,62.5411351354302,4012,1913,49.3528849114048,0.476819541375872,0.150748620961387,403.116,427.587878478681,338.197,167.923965454102,11.3137083053589,132.438659667969,666,150
2,5,1834,651.322791712105,174.587786259542,143.211765053811,25.832432806883,0.983597133506601,62.8056940148702,3301,1834,48.3230930823378,0.555589215389276,0.191520467836257,342.488,361.303607231219,309.464,157.267105102539,12.5299644470215,119.124946594238,662,154
3,5,1896,644.82805907173,176.348101265823,141.131356783871,27.8140458862517,0.980387583597997,65.0266174278809,3753,1896,49.1331067287411,0.50519584332534,0.194981489099136,374.543,396.274169979696,324.326,167.024459838867,12.3693170547485,125.710731506348,656,154
4,5,1788,641.042505592841,177.423378076063,134.490982406803,29.4530151598009,0.975725709855708,65.4683195064649,3323,1788,47.7132298842414,0.538068010833584,0.220061538461538,327.923,346.676190233249,297.586,156.781814575195,13.34166431427,119.05387878418,652,155
5,5,1782,639.499438832772,176.68406285073,126.175709125888,26.4735682227999,0.977741083564198,64.3275117601153,2920,1782,47.633106855611,0.61027397260274,0.237536656891496,313.152,332.190908859011,281.733,140.539169311523,13.6014709472656,104.568588256836,650,154
6,5,1744,640.846330275229,177.293577981651,118.203250765647,30.1135840104583,0.967004037508725,59.7922257768587,3053,1744,47.1224974509854,0.571241401899771,0.219785759294266,320.845,337.989898732234,274.607,137.953384399414,13.416407585144,93.3259429931641,650,159
7,5,1950,640.591282051282,176.905128205128,112.357148676929,36.5393215206997,0.945642883688532,59.8277723410596,3411,1950,49.8278748516688,0.571679859278804,0.250965250965251,332.181,351.948268171892,276.831,137.024444580078,14,100.811225891113,649,162
8,5,1722,640.213704994193,175.842044134727,117.350572944694,28.2899576905075,0.970507190661636,59.726926974829,3054,1722,46.8243365786847,0.56385068762279,0.177966101694915,330.381,348.960461480712,294.29,150.26708984375,13.4536237716675,96.7401504516602,649,158
9,5,1693,640.567040756054,175.149438865918,118.090955108542,28.2370466935379,0.970991822021244,62.5164507699597,2794,1693,46.4283808595199,0.605941302791696,0.212155388471178,308.752,327.948268171892,277.152,137.953384399414,13.4536237716675,94.9117279052734,649,158
10,5,1750,639.049142857143,177.330285714286,120.232372633863,29.5602586762814,0.969305502274999,64.329269760244,3117,1750,47.2034871941315,0.561437279435354,0.225981404958678,327.005,346.090403795622,284.537,146.124954223633,14.2126703262329,111.568588256836,648,161
1,6,1931,768.748316934231,337.67011910927,107.689418022421,43.6797484131111,0.914046884074316,-15.4289571018715,3742,1931,49.5845294510657,0.516034206306788,0.277442528735632,361.135,382.918830920369,279.663,134.397018432617,11,76.6274261474609,780,342
2,6,1822,761.912733260154,343.733260153677,130.640689798579,29.6887163520182,0.973835346401308,-22.0815777046026,3701,1822,48.1647428157513,0.492299378546339,0.201906028368794,354.139,373.261976670876,315.55,163.024459838867,10.2956304550171,97.1127166748047,776,346
3,6,1739,750.691776883266,340.247843588269,106.020205237949,32.9368953145988,0.950519071949963,-23.4399181069803,2837,1739,47.0548995142318,0.61297144871343,0.284848484848485,301.02,317.705627484772,262.603,129.468109130859,10,58.0122146606445,752,337
4,6,1982,745.032795156408,345.686175580222,141.912410703617,27.9369316734637,0.980431532127166,-21.9965540855145,3975,1982,50.2350552668661,0.498616352201258,0.216257501363884,370.654,392.333044482742,318.527,165.367599487305,9.43398094177246,96.5685806274414,735,335
5,6,1810,722.202762430939,340.696685082873,118.239105344145,25.9989375947779,0.9755259299479,-9.71854361479615,2954,1810,48.0058702240741,0.612728503723764,0.389750215331611,291.739,308.592929112564,251.825,124.325942993164,8.9442720413208,55.970573425293,724,335
6,6,1954,711.579836233367,337.522517911975,112.966832709613,28.9614698455136,0.966578338015068,-0.60799885608119,3440,1954,49.8789541832275,0.568023255813954,0.419133419133419,312.944,331.563491861041,255.001,125.740158081055,10.8166542053223,66.4558563232422,725,334
7,6,1999,704.828914457229,339.605802901451,121.103796502869,30.2281430532999,0.968347675481299,-4.64696641407494,3682,1999,50.4500332004409,0.542911461162412,0.430818965517241,311.448,328.634559672907,264.826,129.740158081055,10.6301460266113,73.2132186889648,720,335
8,6,1829,714.429743028978,341.057955166758,110.640423428494,28.9302517496167,0.965208909385039,-5.75213223979746,2803,1829,48.2571769514195,0.652515162326079,0.446642246642247,279.962,295.03657992646,241.314,120.598007202148,10.7703294754028,70.9705810546875,732,341
9,6,2088,715.113026819923,339.041666666667,143.47336306907,25.004157412164,0.984696605822187,1.0458369741526,4016,2088,51.5608782838987,0.5199203187251,0.366701791359326,389.881,411.362481734265,312.636,158.42643737793,12.0415945053101,89.0416564941406,731,340
10,6,1939,712.201650335224,339.806601340897,161.918049859663,21.3619771404977,0.991258929428389,1.65500153649475,3344,1939,49.6871359331717,0.579844497607656,0.424846625766871,373.993,394.735064736295,336.394,174.012237548828,11.1803398132324,103.041648864746,730,342
1,7,2082,926.485590778098,624.045148895293,100.951524836387,50.5257336207294,0.865739425586176,-19.3093974555995,3861,2082,51.4867432659962,0.539238539238539,0.307669572927442,341.66,360.333044482742,261.43,144.953369140625,11.4017543792725,76.5269317626953,907,624
2,7,2166,914.07756232687,632.67728531856,107.424521749276,50.9166297477115,0.880537839663972,-17.8435872796386,4233,2166,52.515110719643,0.51169383416017,0.282472613458529,346.538,365.948268171891,286.852,143.397018432617,12.0415945053101,73.6274261474609,898,633
3,7,2114,894.164143803217,625.14096499527,81.7034726603238,60.9534805931299,0.665909060316241,2.11085824380988,3632,2114,51.8809059054498,0.58204845814978,0.321961620469083,326.27,343.989898732234,255.194,116.740158081055,12.0830459594727,47.5563583374023,888,627
4,7,2415,894.473291925466,617.683229813665,84.8323276394868,67.7884853216926,0.601214230645042,18.517361138402,4472,2415,55.4515419130561,0.540026833631485,0.272943037974684,370.911,393.0609665441,287.69,131.46809387207,14.4222049713135,54.6985015869141,890,623
5,7,2243,885.627284886313,610.699063753901,97.7365669160863,43.7281691887297,0.89432972044493,56.9376418159105,3551,2243,53.4403995011356,0.63165305547733,0.323665223665224,348.063,366.859956417323,256.708,125.36759185791,12.2065553665161,76.0122146606445,882,623
6,7,2369,884.338117349092,606.50527648797,104.689322478835,43.3811008496021,0.910104222232551,54.1247761677725,3755,2369,54.9208929413716,0.630892143808256,0.315026595744681,346.432,367.0609665441,267.717,134.953384399414,12.1655254364014,79.5269317626953,881,620
7,7,2386,882.054065381391,598.309304274937,128.721843411016,37.7855269158765,0.955945558294991,58.0652199577162,4348,2386,55.1175974960638,0.548758049678013,0.246691480562448,382.4,403.931024229189,302.608,160.852890014648,11,89.3553619384766,877,619
8,7,2313,888.838305231301,590.348897535668,116.642469022963,32.194002064341,0.961155959780388,66.4959386177076,3662,2313,54.2678824625803,0.631622064445658,0.325453777965386,316.361,335.847763108503,266.556,135.024444580078,11,89.6690826416016,879,617
9,7,2080,895.910096153846,579.526923076923,119.375247981192,27.8900132361852,0.972324821743199,67.3804000277942,3051,2080,51.4620078606455,0.681743690593248,0.32,301.277,318.43354954613,251.752,121.811233520508,10,97.5980072021484,882,614
10,7,1974,892.418439716312,582.526849037487,104.272998398739,29.367195060639,0.959520855853174,68.7159425711258,2751,1974,50.1335702030806,0.717557251908397,0.358257713248639,299.234,317.019335983757,233.427,121.124946594238,9.84885787963867,84.4975051879883,902,554
1,8,1871,987.537145911277,588.574024585783,110.747149206817,24.4315597491473,0.975362854197435,52.5842810781121,2663,1871,48.8081057632796,0.702591062711228,0.284087458244762,262.845,277.563491861041,238.219,118.95337677002,12,63.8406448364258,979,598
2,8,2090,985.716746411483,593.578947368421,126.23033256563,28.7966928728583,0.973631113357442,60.2301549907416,3788,2090,51.5855662806612,0.551742344244984,0.247865275142315,370.34,390.918830920369,296.769,150.681304931641,13.152946472168,71.1127166748047,978,602
3,8,1796,986.800111358575,586.102449888641,94.37087701969,31.8673006962689,0.941260428693865,52.2789612529982,2539,1796,47.8198517599579,0.7073651043718,0.342225609756098,268.287,283.220346110533,221.115,107.539154052734,13.4536237716675,68.6690673828125,977,595
4,8,1925,985.891428571429,579.947012987013,87.8007416203107,35.6819726370616,0.913696526654432,53.2950916954612,2915,1925,49.5074350336915,0.660377358490566,0.38331342094783,313.956,331.404112294607,219.046,127.296516418457,14.0356683731079,57.526927947998,978,591
5,8,1852,985.747840172786,577.438444924406,96.0369065058368,29.4601569207921,0.95178731756222,58.2251509540656,2736,1852,48.5596502957911,0.676900584795322,0.322535701846047,266.79,281.80613254816,221.884,102.154373168945,13,54.6985015869141,979,589
6,8,1909,983.544264012572,573.903090623363,92.5889264732348,32.8944365017389,0.934762214922516,70.4077313081088,2615,1909,49.3012605406741,0.730019120458891,0.423093971631206,280.559,297.80613254816,219.409,111.982803344727,14.7648229598999,66.9411468505859,976,589
7,8,1892,978.336152219873,579.229915433404,89.6963859590803,32.2528398812871,0.933115062334694,71.8243391386099,2623,1892,49.0812511926798,0.721311475409836,0.45230695672962,250.778,264.350288425444,214.487,105.32593536377,14.3178215026855,58.6984977722168,974,593
8,8,2304,979.104600694444,574.749565972222,112.356696634636,43.7620112617808,0.921029935968382,78.5962944779756,5092,2304,54.1622000205846,0.452474469756481,0.322689075630252,418.424,441.102597104443,296.353,147.88232421875,14,70.0416488647461,978,588
9,8,2505,983.12375249501,575.960878243513,120.992606777867,45.9759442132326,0.924990718204189,73.3196531665786,5855,2505,56.4753491318255,0.427839453458582,0.281429052915403,487.604,516.114790413263,318.991,154.367614746094,12.0415945053101,74.3553695678711,980,586
10,8,2180,984.946788990826,574.380733944954,119.752199311261,37.7506903999351,0.949011962557395,70.7215763693822,3935,2180,52.6845537849819,0.554002541296061,0.272568142035509,395.705,417.0609665441,299.265,148.710739135742,13.416407585144,80.5269393920898,979,589
1,9,1881,110.163742690058,409.303561935141,130.772829025413,38.3089411063821,0.956130009331645,44.0558049914323,4300,1881,48.938365150941,0.437441860465116,0.155467393999504,391.199,413.931024229189,327.57,172.580825805664,11.7046995162964,132.438659667969,96,425
2,9,1942,112.203913491246,406.187435633368,171.501104122688,31.7400460855263,0.98272497084358,38.7857011582979,4871,1942,49.7255587789186,0.398686101416547,0.107554275587062,460.794,487.913780286486,389.22,204.52197265625,11.1803398132324,166.066116333008,95,420
3,9,1797,101.705620478575,411.146355036171,145.577881195424,32.3863036739257,0.974940174950905,40.1710710345299,4187,1797,47.8331627836701,0.429185574396943,0.125664335664336,397.138,419.487373415293,345.263,180.794036865234,12.6491107940674,130.852874755859,89,420
4,9,1296,88.0686728395062,421.297839506173,61.7777099361858,31.5290579331253,0.85995906822856,49.1196338984946,1626,1296,40.6216500154385,0.797047970479705,0.360400444938821,195.517,206.79393923934,172.89,81.598014831543,13.8924436569214,49.2842788696289,86,425
5,9,1573,86.8448823903369,423.793388429752,76.2079602744076,32.0548263764882,0.907235488247433,49.3963215067448,2333,1573,44.7527183964104,0.674239177025289,0.299390940236011,252.764,266.977705423414,209.544,104.982803344727,13.8924436569214,65.1127166748047,82,428
6,9,1310,83.9206106870229,427.91679389313,68.2485517727407,30.0093268590163,0.898141557835883,60.016294573443,1747,1310,40.84046772018,0.749856897538638,0.374285714285714,235.835,249.320851173922,182.862,94.669075012207,13.416407585144,51.6984939575195,81,430
7,9,1274,81.9481946624804,425.423861852433,67.3983660950841,34.0438909620417,0.863052349114327,49.2023122942454,1965,1274,40.2753917422611,0.648346055979644,0.331511839708561,236.29,249.320851173922,183.128,87.2548599243164,14.8660688400269,46.8700637817383,80,431
8,9,1425,79.8021052631579,426.085614035088,83.3032012817266,34.4352095967364,0.910562245401726,44.7748861500596,2418,1425,42.5953794588991,0.589330024813896,0.284090909090909,271.306,286.291413922399,211.875,102.568588256836,14.8660688400269,59.355354309082,74,432
1,10,1470,136.361904761905,903.021088435374,71.2765078288911,33.8410085268516,0.880101876822735,85.2439610919386,2225,1470,43.2627106265972,0.660674157303371,0.433884297520661,231.4,245.379725676967,200.377,90.8406524658203,12.0830459594727,49.7279243469238,134,913
2,10,1409,134.625266146203,901.158268275373,65.265461568748,30.9767878591243,0.880186720840727,84.1663809554716,1827,1409,42.3555724613875,0.771209633278599,0.536353254663114,199.345,210.40916292849,176.262,78.6985092163086,12.3693170547485,52.970573425293,133,913
3,10,1492,129.384048257373,901.890750670241,71.6380890226145,32.5535773904171,0.89078899816729,69.2438181704687,2168,1492,43.5852429240088,0.688191881918819,0.387532467532468,223.536,235.622366364087,195.276,92.6690902709961,12.0415945053101,47.1421432495117,128,914
4,10,1313,130.390708301599,898.286367098248,57.2398399134861,30.9220991236269,0.841523907800457,84.734151325524,1487,1313,40.8872048719067,0.882985877605918,0.643627450980392,161.65,170.509667991878,148.45,66.6274261474609,13.152946472168,37.5563507080078,129,907
5,10,1471,126.685248130523,897.480625424881,64.1018177281507,33.6893458193903,0.850756590737043,73.5657848411192,1901,1471,43.2774233325579,0.773803261441347,0.522372159090909,208.03,219.03657992646,172.036,80.5980072021484,12.2065553665161,45.9705696105957,125,907
6,10,1327,127.247927656368,896.440844009043,58.265745242981,32.7293353682206,0.827323902021521,65.5756068611869,1652,1327,41.1046089369983,0.803268765133172,0.47854309412189,179.381,190.40916292849,157.523,68.1127166748047,12.1655254364014,49.7989959716797,123,905
7,10,1322,124.366111951589,899.68154311649,59.1100150525778,31.0199429299004,0.85123592006143,67.3842200452861,1561,1322,41.0270968768189,0.846893017296605,0.527113237639553,178.438,189.580735803744,153.52,72.5269317626953,12.0415945053101,36.8994979858398,122,907
8,10,1350,125.314814814815,902.271851851852,60.9995611016577,30.6180439596112,0.86490316386304,57.127960040182,1569,1350,41.4592979365603,0.860420650095602,0.482142857142857,170.466,180.166522241371,157.06,70.7695693969727,12.0830459594727,42.1421356201172,122,908
9,10,1346,126.397473997028,895.922734026746,59.5727851550962,32.517733934443,0.837883688659067,73.5476027121383,1615,1346,41.3978311897318,0.83343653250774,0.505065666041276,173.071,182.752308678998,158.69,71.8700790405273,13.34166431427,26.4852809906006,126,897
10,10,1301,126.3428132206,904.404304381245,54.7486254678969,31.9742809875499,0.811739416185629,53.4060811716165,1576,1301,40.6999342468811,0.825507614213198,0.564915327833261,167.936,176.40916292849,147.242,63.1127166748047,12.5299644470215,42.1421356201172,124,908
1,11,932,414.461373390558,974.706008583691,37.8626879641196,32.2533349854299,0.523785630358244,-70.0969244803909,1030,932,34.4479209197474,0.904854368932039,0.6996996996997,125.294,131.882250993908,112.632,42.7989959716797,14,5.41421365737915,416,976
2,11,923,412.683640303359,976.927410617551,38.513975213482,31.1323899074794,0.588715814949453,-74.4762922888954,977,923,34.2811916331763,0.944728761514841,0.759046052631579,118.653,125.053823869162,109.87,44.041633605957,13.4536237716675,8.24264049530029,414,978
3,11,914,409.207877461707,976.143326039387,37.2418445409542,31.781325427047,0.521294608642743,-71.3428487783798,959,914,34.1136474726456,0.953076120959333,0.748566748566749,111.623,117.982756057297,108.695,39.698486328125,13.9283885955811,5.65685415267944,410,978
4,11,911,408.771679473106,976.981339187706,35.8691810990201,32.920179047749,0.397078808900609,-70.7690677328305,965,911,34.0576162591238,0.944041450777202,0.684962406015038,113.005,119.539105243401,108.952,42.1127014160156,13.9283885955811,14.0710678100586,409,978
5,11,904,404.221238938053,975.068584070796,36.6288923739739,31.7360481287521,0.499313869207304,-72.3805912145649,939,904,33.9265168922568,0.96272630457934,0.74037674037674,108.249,113.982756057297,106.934,34.2132034301758,14,2.41421365737915,404,976
6,11,978,401.914110429448,974.711656441718,39.6538095117912,32.4422452201866,0.575023473425475,-47.7553268220839,1045,978,35.2877921489995,0.935885167464115,0.695590327169274,119.596,125.882250993908,114.51,46.213207244873,14.4222049713135,9.41421318054199,402,976
7,11,908,400.870044052863,974.733480176211,38.6258086995574,30.5200627132092,0.612917521625356,-58.7113446306177,942,908,34.0014927116373,0.963906581740977,0.764309764309764,112.086,118.568542494924,108.472,40.870059967041,13.4536237716675,8.07106781005859,402,977
8,11,927,400.981661272923,977.463861920173,36.1817719065938,33.5582192056942,0.373848815232096,-46.4108583252402,976,927,34.3553934334843,0.949795081967213,0.695945945945946,115.709,122.710678118655,111.16,40.698486328125,13.8924436569214,5.24264097213745,401,978
9,11,929,401.727664155005,975.208826695371,38.2790675592746,31.8965477327329,0.552876143503617,-23.9299897713238,1007,929,34.3924342996969,0.922542204568024,0.703787878787879,121.357,128.225396744416,114.377,44.213207244873,13.4536237716675,7.41421365737915,401,975
10,11,873,400.671248568156,978.541809851088,34.1969801631564,33.1017825787051,0.251051038468021,-28.5031465038414,913,873,33.3397378896985,0.95618838992333,0.692857142857143,110.061,115.296464556282,107.216,39.6274147033691,14.1421356201172,5,401,979
1,12,1532,581.665796344648,324.665796344648,63.6034100868429,34.1388127568935,0.843744509942391,52.757978551089,1786,1532,44.1656312366785,0.857782754759238,0.504279131007242,188.999,200.40916292849,169.871,77.6690826416016,13.34166431427,32.7279205322266,578,330
2,12,1557,572.592164418754,328.588310854207,75.681739948463,29.4304432991167,0.92129216252114,51.8134099973907,2029,1557,44.5245322395716,0.767373090192213,0.358342922899885,235.371,248.350288425444,200.86,101.397010803223,13.8924436569214,61.2842826843262,571,331
3,12,1403,557.691375623664,343.178189593728,69.321713358659,27.9998727886086,0.91479783872673,46.0352208881665,1671,1403,42.2652940515434,0.839616995810892,0.403508771929825,187.363,197.379725676967,173.983,83.3259353637695,13,35.5563507080078,561,341
4,12,1453,572.755677907777,329.639366827254,61.222118008515,34.2731498964986,0.828616631269639,53.138672992186,1738,1453,43.0118246357928,0.836018411967779,0.491210277214334,186.039,196.894444302729,164.198,75.9411468505859,14.0356683731079,24.7279205322266,576,331
5,12,1406,573.724751066856,324.191322901849,58.2797148933514,36.1524662957885,0.784343496001884,57.9657578672439,1718,1406,42.3104573350093,0.818393480791618,0.536231884057971,184.815,195.480230740355,161.037,70.669075012207,13.416407585144,30.3847732543945,569,330
6,12,1329,576.607975921746,323.884123401053,45.2596663374214,42.9778082162216,0.313515852929331,51.3370704578098,1544,1329,41.135572865259,0.860751295336788,0.589095744680851,162.493,172.267027304759,143.224,64.8700714111328,13.8924436569214,19.7279205322266,572,327
7,12,1325,573.178867924528,321.839245283019,52.2012646849206,35.9216681138043,0.725579936961686,67.8318788079882,1498,1325,41.0736216661508,0.884512683578104,0.560253699788584,163.536,172.166522241371,146.872,63.8700714111328,14.7648229598999,24.4852809906006,571,327
8,12,1311,568.581235697941,320.282227307399,55.1892821169182,32.438505390235,0.809029378299506,72.4095411748925,1483,1311,40.8560527112911,0.884018880647336,0.616071428571429,153.422,160.752308678997,143.836,61.6274261474609,13.8924436569214,30.8994941711426,567,327
9,12,1498,569.518691588785,327.280373831776,52.8749160759064,40.1882300913248,0.649850218770144,2.56804862410249,1823,1498,43.672792880846,0.821722435545804,0.528954802259887,187.04,196.894444302729,159.558,68.6985015869141,14.1421356201172,28.5563468933105,571,327
10,12,1494,576.328647925033,325.951807228916,50.7237197166484,43.6320288249863,0.509973943411015,-65.4172350536245,1759,1494,43.6144457701154,0.849346219442865,0.56377358490566,187.255,197.722871427475,155.778,68.2842864990234,13.8924436569214,28.7279205322266,571,328
1,13,1894,662.602956705385,818.537486800422,123.850458772357,28.1272359067615,0.973869944154922,80.3756177529794,3505,1894,49.1071858054236,0.54037089871612,0.306919461999676,339.029,357.119841047145,272.998,132.669082641602,8.24621105194092,84.284294128418,656,848
2,13,1995,659.561403508772,820.887719298246,130.53767942111,24.8502499095735,0.981712722810282,85.0923509638449,3513,1995,50.39953265405,0.567890691716482,0.365317707379601,330.766,349.563491861041,278.753,140.669082641602,8.9442720413208,93.8700790405273,655,849
3,13,1828,658.55306345733,818.365973741794,115.326285878213,26.2548180553848,0.973741424732564,82.0997136003177,3084,1828,48.24398291783,0.592736705577173,0.333090379008746,294.278,309.521861300698,248.122,122.598007202148,8.5440034866333,70.3847885131836,661,803
4,13,2049,658.900439238653,811.807223035627,127.633082184739,32.8358189205881,0.966340278799765,87.133314294982,3826,2049,51.0770773161733,0.535546262415055,0.320456678135752,340.301,358.249783362056,298.585,150.183807373047,11.3137083053589,73.5563583374023,660,800
5,13,1945,659.577377892031,815.643701799486,131.71207130444,30.9017356826131,0.972088173345243,83.4563066249215,3377,1945,49.7639519583191,0.575954989635771,0.395325203252033,311.257,327.663996924429,271.914,136.083297729492,11.3137083053589,83.0416412353516,664,796
6,13,2016,655.492063492063,816.343253968254,142.803406384325,24.4699230712189,0.985209538659461,87.3904616672135,3332,2016,50.664098947737,0.605042016806723,0.391608391608392,342.113,361.462986797653,301.553,155.840667724609,10.8166542053223,92.7990036010742,659,800
7,13,1955,661.244501278772,821.847058823529,122.07299607499,39.1358883328362,0.947216654950345,79.3832175642333,3561,1955,49.8917158449902,0.549003089019938,0.349544072948328,321.892,338.835569799683,266.762,130.497512817383,11.3137083053589,85.3847885131836,662,804
8,13,1979,656.736230419404,817.592218292067,113.829105160099,33.2765910198588,0.956315011338824,81.0799382714591,3551,1979,50.1970224120006,0.557307800619544,0.363853649567935,313.845,332.492424049176,259.632,127.982803344727,12.0415945053101,85.6985015869141,662,795
9,13,2082,656.517771373679,823.581171950048,118.050269648829,32.6517490047514,0.960987470217974,77.6633659786712,3703,2082,51.4867432659962,0.56224682689711,0.334619093539055,365.544,384.333044482742,272.196,137.083297729492,11.4017543792725,94.1127166748047,662,802
10,13,2158,661.366079703429,818.658016682113,132.943342745297,39.2831455622644,0.95534649053464,77.3412896102287,4253,2158,52.4180401916981,0.507406536562427,0.285752118644068,360.804,379.948268171892,299.925,146.225448608398,14.0356683731079,89.9411468505859,667,799
1,15,1618,129.103213844252,313.978986402967,79.4710964336575,41.1125966448187,0.855787408434051,62.3528408075407,2921,1618,45.3883419324995,0.553919890448477,0.247855392156863,283.139,300.149278298668,242.735,114.911735534668,14.3178215026855,64.355354309082,131,310
2,15,1676,128.721360381862,313.369331742243,88.4675615959614,39.8658522504344,0.892712443532626,64.5839179268231,3047,1676,46.1946910042283,0.55004922874959,0.241847041847042,322.944,341.605122421384,255.205,126.05387878418,13.9283885955811,83.4264373779297,130,310
3,15,1567,119.885768985322,315.037651563497,89.991761356124,35.3082483344059,0.919816093146631,71.2323665189193,2719,1567,44.6672851939761,0.576314821625598,0.292897196261682,291.805,310.249783362056,250.554,124.740158081055,13.34166431427,71.5269317626953,123,313
4,15,1470,116.851020408163,319.853741496599,82.4892901346518,35.7532059880947,0.901187977104321,72.6188205759466,2601,1470,43.2627106265972,0.565167243367935,0.322793148880105,273.611,287.865007051206,231.268,112.669082641602,13,61.6985015869141,118,317
5,15,1530,114.649019607843,309.664052287582,101.564162355255,27.337500374001,0.963094125685268,71.8796067862054,2637,1530,44.1367930806578,0.580204778156997,0.263793103448276,295.7,314.007142674937,268.317,134.397018432617,12,96.6690826416016,118,304
6,15,1659,115.335141651597,296.830018083183,113.640183435329,25.3245857014086,0.974853006424633,71.5077670915252,2750,1659,45.9598129316867,0.603272727272727,0.240783744557329,323.049,342.007142674937,293.549,151.710739135742,11.7046995162964,99.0832977294922,116,295
7,15,1662,116.664259927798,290.365824308063,124.368588403492,25.2848832679143,0.979115243699513,71.6198583935128,3306,1662,46.0013491470613,0.502722323049002,0.196989451226739,355.51,376.877200360026,323.14,168.367599487305,10.7703294754028,99.2548675537109,117,291
8,15,1688,118.386255924171,285.304502369668,122.96451641913,24.0320190823053,0.980715929360102,70.4245980408201,2839,1688,46.3597708311091,0.594575554772807,0.195574093384312,346.587,367.948268171892,314.662,160.781814575195,10,95.2548675537109,118,285
9,15,1823,120.107515085025,281.306088864509,124.800385080875,26.1259687851427,0.97784247452726,69.0890614181867,3307,1823,48.1779585500694,0.551254913819171,0.186362707012881,381.736,404.818325856981,329.83,171.438674926758,11,88.5980072021484,117,289
10,15,1861,120.447608812466,277.205265986029,133.883929288891,30.4192036263609,0.973846769258495,69.1702858951901,4352,1861,48.6774978070169,0.427619485294118,0.170405640509111,427.214,453.931024229189,360.645,190.267105102539,9.89949512481689,99.4264373779297,115,285
1,16,886,371.576749435666,1001.16591422122,38.8294303261644,30.2293132959179,0.627625381125922,-4.42913029399647,1006,886,33.5870545989873,0.880715705765408,0.639249639249639,125.907,132.024386617639,113.806,47.2132110595703,13.416407585144,10.0710678100586,371,1000
1,17,1306,561.502297090352,617.519908116386,63.6629121241337,28.8725904530393,0.891244608265504,-60.6192579216997,1551,1306,40.7780681914203,0.842037395228885,0.455528426927101,182.062,192.208152801713,158.416,69.9411468505859,11.7046995162964,50.7990036010742,564,622
2,17,1179,562.047497879559,623.782866836302,58.4866655301608,26.4495374928689,0.891900377642919,-64.000289402142,1309,1179,38.7446696107059,0.900687547746371,0.51238591916558,161.865,171.338095116624,143.564,66.2842864990234,10.8166542053223,36.8994979858398,559,616
3,17,1215,561.492181069959,622.627983539095,55.2349034340614,30.501696657561,0.833699889266148,-56.4052273222584,1416,1215,39.3317435013148,0.858050847457627,0.460227272727273,161.22,170.752308678997,147.353,63.6984977722168,12.0415945053101,27.7279205322266,560,622
4,17,946,557.310782241015,623.211416490486,49.2349946282438,25.0165292455864,0.8612953467323,-65.8436721514443,1045,946,34.7056855474642,0.905263157894737,0.575075987841945,151.511,160.752308678997,121.986,53.6274261474609,10,26.5563468933105,557,621
5,17,881,557.33598183882,624.406356413167,46.6469239349617,24.7801531477912,0.847228887807727,-60.9758073223554,991,881,33.4921489145095,0.889001009081736,0.556186868686869,131.746,138.509667991878,118.264,54.0416412353516,10,29.4852809906006,555,619
6,17,878,554.375854214123,622.607061503417,49.1850801455913,23.4234732971304,0.879320064174551,-61.5897176409711,985,878,33.4350761966751,0.891370558375635,0.549436795994994,136.897,146.024386617639,120.117,54.2842864990234,9.21954441070557,31.6568546295166,550,616
7,17,887,552.567080045096,624.844419391206,49.7805849221906,23.1569656300291,0.885215763706892,-57.3958772664654,979,887,33.6060035734702,0.906026557711951,0.547530864197531,139.809,147.923881554251,121.415,56.6984977722168,9.89949512481689,26.9705600738525,552,624
8,17,820,550.569512195122,624.235365853659,47.1912707747544,23.2478509673722,0.870238682662375,-44.6176902539538,947,820,32.3118620120047,0.865892291446674,0.501835985312117,139.246,148.267027304759,120.829,58.6984939575195,9.89949512481689,20.8994941711426,551,625
9,17,634,553.291798107256,626.58832807571,42.1656349645448,20.1554429752331,0.878356357397247,-38.8907209521142,755,634,28.411861455422,0.839735099337748,0.521381578947368,135.219,143.095454429505,105.537,47.6984901428223,8.06225776672363,15.6568536758423,553,627
10,17,683,554.884333821376,630.158125915081,50.7184306268049,18.9659690812443,0.927450360136974,-36.8078818578983,811,683,29.489364337912,0.842170160295931,0.407274895646989,155.945,164.308657865101,117.918,57.9411392211914,7.07106781005859,36.6274147033691,546,625
1,18,2065,635.362711864407,787.582566585956,123.68607024284,35.3511672846279,0.9582852169566,17.694361229315,4385,2065,51.2761119809031,0.470923603192702,0.245307674031837,392.726,418.81832585698,323.461,162.610244750977,12.3693170547485,109.669082641602,622,791
2,18,2019,626.184744923229,790.938583457157,117.888875685917,39.2611279165443,0.942914446665799,16.0579925100696,4366,2019,50.7017814363588,0.462437013284471,0.244430992736077,388.583,411.504617357996,319.409,157.639663696289,13.6014709472656,113.083290100098,617,793
3,18,2094,617.621298949379,792.147086914995,94.1956378625183,53.5918500394388,0.822377684332859,12.0734263555191,5352,2094,51.6349068622713,0.391255605381166,0.24519906323185,415.025,438.759451353935,310.48,152.882308959961,16.0312194824219,80.1127166748047,613,796
4,18,2042,607.17042115573,793.269343780607,71.0453178095113,51.2700760997627,0.692254835523969,-51.6002785288248,3888,2042,50.9897553470224,0.525205761316872,0.323715916296766,338.278,357.646752981726,243.573,108.740158081055,15.5563488006592,44.0416412353516,609,796
5,18,2162,602.822849213691,797.765032377428,80.3365752133603,49.5866397189919,0.786777932261917,-49.2958151028751,4250,2162,52.4665979049282,0.508705882352941,0.3378125,372.484,391.788888605458,248.793,110.397018432617,15.2643375396729,39.3847808837891,603,797
6,18,2060,591.205339805825,793.609708737864,69.1294896433778,55.0166128031458,0.605495569725509,13.6738392881804,3518,2060,51.2139967406805,0.585559977259807,0.336601307189543,328.609,346.776695296638,231.633,108.568588256836,14.4222049713135,49.3847846984863,597,798
7,18,2182,588.5751604033,790.846012832264,91.8758721522984,49.103399351516,0.845197756693533,7.63290528752275,3959,2182,52.7087154710881,0.551149280121243,0.347895408163265,397.094,418.81832585698,263.306,125.083297729492,13.6014709472656,53.0416412353516,595,792
8,18,3928,572.063136456212,805.158350305499,113.512178701816,67.184986525367,0.806029987954868,25.3467888402595,7583,3928,70.7197633743193,0.518000791243571,0.292915734526473,622.705,658.198051533948,357.493,180.982818603516,13.9283885955811,120.455863952637,593,793
1,19,1303,765.333077513431,954.657712970069,93.1531254387864,19.2926822783974,0.978318256413422,-0.0360492600804519,1524,1303,40.7312058106548,0.85498687664042,0.646329365079365,212.418,223.053823869162,205.156,102.041648864746,9,59.0710716247559,752,954
2,19,1275,773.124705882353,954.676862745098,78.5196525702558,21.8705896486683,0.96042564264096,-2.25687130559266,1538,1275,40.291195310357,0.828998699609883,0.621951219512195,191.016,201.195959492893,177.832,85.7989959716797,9.48683261871338,54.4852828979492,756,954
3,19,1308,773.167431192661,958.003822629969,78.3578585020378,23.2629102895936,0.954914678858717,-10.1057983739239,1666,1308,40.8092798823208,0.785114045618247,0.497716894977169,190.925,201.195959492893,171.523,79.8700714111328,9.48683261871338,51.5563545227051,754,955
4,19,1253,772.240223463687,955.469273743017,76.7347492762111,22.1195265960958,0.957552303819886,-4.65127509756636,1553,1253,39.9420724243642,0.806825499034127,0.566455696202532,188.014,197.78174593052,174.294,86.4558639526367,9.43398094177246,41.4852828979492,762,955
5,19,1161,772.095607235142,953.950904392765,73.8738909900704,22.4067792546098,0.952891552046828,-6.43457591660272,1449,1161,38.4477712154752,0.801242236024845,0.603430353430353,185.02,194.953318805774,170.538,88.9411468505859,9.48683261871338,46.798999786377,762,952
6,19,1263,775.715756136184,954.651623119557,87.6819698678613,20.6112697421278,0.971978804833952,-10.5352610679173,1601,1263,40.1011414426137,0.788881948782011,0.506415396952686,206.027,216.752308678998,189.915,93.5269317626953,9.05538558959961,61.798999786377,757,952
7,19,1264,783.939873417722,957.008702531646,89.8057907166298,20.3419121071026,0.974008833395078,-10.0971345268844,1668,1264,40.1170136543742,0.75779376498801,0.408532643826761,235.402,248.40916292849,199.088,97.4558639526367,9,64.2132110595703,765,954
8,19,1279,790.996872556685,959.496481626271,88.3377131343425,18.9119139476185,0.976814701066383,-9.84922698088184,1449,1279,40.3543476928605,0.882677708764665,0.538299663299663,196.987,209.095454429505,187.244,94.8700790405273,8.06225776672363,58.5563583374023,773,956
9,19,1223,788.641864268193,957.654129190515,87.0305478490658,20.1696378894832,0.972774534463642,-10.27838257843,1559,1223,39.4610182738751,0.784477228992944,0.436007130124777,206.151,217.580735803744,188.502,92.6985092163086,7.81024980545044,59.6274299621582,769,954
10,19,1305,788.644444444444,959.977011494253,99.1383715144302,19.4702547285111,0.980524913491677,-12.5333231702116,1825,1305,40.7624533839585,0.715068493150685,0.342070773263434,248.9,263.279220613579,230.828,119.598007202148,7.81024980545044,88.1127166748047,765,954
1,20,848,896.917452830189,276.099056603774,56.0401304819948,20.1161412620033,0.933353108715902,42.5057484532302,931,848,32.8588973329206,0.910848549946294,0.428715874620829,141.877,149.580735803744,130.249,64.0122146606445,9.21954441070557,31.2131996154785,901,272
2,20,809,893.860321384425,281.580964153276,56.68293993818,18.9837872020572,0.942249470918192,37.507816858592,864,809,32.0944043672841,0.936342592592593,0.421354166666667,136.89,143.923881554251,129.397,63.8406410217285,8.60232543945312,34.2131996154785,900,277
3,20,823,884.65127582017,285.814094775213,60.5462864719994,20.1072872747599,0.943244965566085,40.7080446710333,1008,823,32.3709151139883,0.816468253968254,0.361123299692848,153.107,162.752308678997,140.388,67.5979995727539,9.84885787963867,37.870059967041,890,281
4,20,844,884.10663507109,281.369668246445,46.6279725800996,24.897279071265,0.845512355024222,33.3677374715944,981,844,32.7813083289316,0.860346585117227,0.528822055137845,131.695,139.539105243401,121.944,58.5269241333008,11,20.4852809906006,887,281
5,20,845,880.791715976331,281.352662721893,46.4737808746902,24.2753413918366,0.852734324767916,29.3476096238845,950,845,32.8007227862621,0.889473684210526,0.595489781536293,125.186,132.225396744416,117.602,51.2842826843262,10.7703294754028,24.3137073516846,886,279
6,20,758,876.221635883905,281.167546174143,46.1263283238612,21.9608488721317,0.879389927151567,33.3281045599308,833,758,31.0663093223069,0.909963985594238,0.530812324929972,127.329,134.610173055266,114.741,56.526927947998,9.43398094177246,18.0710678100586,877,282
7,20,983,880.088504577823,277.51475076297,74.1772730299901,18.8383235231505,0.96721379007723,37.5149870778414,1145,983,35.3778811190646,0.858515283842795,0.297878787878788,178.597,188.208152801713,169.343,89.1543655395508,8.48528099060059,44.8700637817383,879,280
8,20,908,866.138766519824,292.26872246696,55.520307519086,23.1753124864227,0.908713462445523,25.2815161936069,1080,908,34.0014927116373,0.840740740740741,0.485561497326203,148.493,156.166522241371,136.244,66.1837844848633,10,35.9705619812012,873,290
9,20,940,859.536170212766,295.968085106383,57.1281033554475,22.322888966707,0.920496229114369,27.752717710459,1077,940,34.595450164018,0.872794800371402,0.493697478991597,154.613,163.237590053236,137.096,67.5979995727539,9.43398094177246,27.5563468933105,859,297
10,20,887,852.765501691094,296.97519729425,54.7015376305799,22.9170149424048,0.908010943167904,32.4872720544262,1053,887,33.6060035734702,0.842355175688509,0.460300985988583,142.952,149.923881554251,130.406,59.7695693969727,10.6301460266113,29.7989864349365,857,295
1,21,1702,943.93419506463,137.194477085781,63.614850890851,45.9349496845813,0.691810579290903,-36.9811405225883,2861,1702,46.5516240870203,0.594896889199581,0.357788522177843,346.373,367.504617357996,200.406,92.2843017578125,13.416407585144,33.7989883422852,943,139
2,21,1424,944.571629213483,142.676966292135,46.0015886043948,43.5586165743513,0.321546626498781,-87.1265104878865,1844,1424,42.5804310887392,0.772234273318872,0.492563126945694,210.849,223.965512114594,157.22,72.2842864990234,15,20.1421337127686,943,144
3,21,1373,940.737800436999,142.908958485069,53.775007157441,36.4690084411621,0.734897995288099,89.7585442440036,1832,1373,41.8109781626952,0.749454148471616,0.484303350970018,228.77,242.551298552221,160.038,71.5269317626953,13.6014709472656,28.8994941711426,939,142
4,21,1453,936.034411562285,142.629043358568,62.8823917954683,35.1628830536153,0.829042980714999,76.0249796842833,2207,1453,43.0118246357928,0.658359764386044,0.454630788485607,248.174,262.149278298668,177.834,79.6985015869141,14.8660688400269,32.5563468933105,937,139
5,21,1416,930.245056497175,143.004237288136,59.3631081972207,37.8665263025856,0.77013595442319,80.4873525449827,2086,1416,42.4606546740037,0.678811121764142,0.425225225225225,260.446,274.835569799683,183.284,80.6985092163086,14.3178215026855,33.4852828979492,932,140
6,21,1378,933.843251088534,139.269956458636,55.6710390785084,38.4227832306534,0.723642092750667,75.6964293836703,2199,1378,41.887039673926,0.626648476580264,0.389705882352941,270.891,287.320851173922,179.126,74.6985015869141,13.6014709472656,28.3137073516846,932,138
7,21,1302,931.354838709677,135.977726574501,56.8372990367485,37.3577754563414,0.75365022088621,63.337822887295,2230,1302,40.7155730310305,0.583856502242152,0.322916666666667,277.244,293.362481734264,189.531,84.5980072021484,13.4536237716675,28.7989864349365,930,138
8,21,1255,930.156972111554,137.517131474104,49.4120977661501,37.3119290629602,0.655589724883331,83.1953042149257,1832,1255,39.9739368669466,0.685043668122271,0.454710144927536,225.289,237.379725676967,157.986,67.8700714111328,14,23.8994941711426,931,136
9,21,1121,929.862622658341,139.71097234612,47.95355041723,33.2782824370361,0.720004779222887,-89.5160103525354,1461,1121,37.7796443822347,0.767282683093771,0.491666666666667,189.074,199.237590053236,142.918,62.3847885131836,14,23.0710678100586,930,137
10,21,1093,929.096980786825,140.72186642269,51.0090499845772,29.532361789965,0.815353687767628,83.7078832386937,1325,1093,37.3048364477789,0.824905660377358,0.544865403788634,171.21,181.338095116624,141.247,62.7990036010742,13.152946472168,31.1421337127686,929,137
1,22,2526,285.958036421219,488.228424386382,147.938205639346,44.9860617389849,0.952644315904612,4.9921666229312,7098,2526,56.7115780947861,0.355874894336433,0.226954177897574,621.749,655.452885529887,368.783,184.610244750977,9.48683261871338,124.26708984375,295,487
2,22,2303,277.849761181068,491.373860182371,135.802560016999,42.7971469669752,0.949044391561279,6.31813296415996,6200,2303,54.1504447952653,0.371451612903226,0.22466100868208,559.869,592.055915910217,360.304,176.124954223633,11,98.4558639526367,267,491
3,22,1776,253.232545045045,494.002252252252,84.4621394636629,46.762315097986,0.832750636885963,5.81594905611931,3448,1776,47.5528488258027,0.51508120649652,0.31685994647636,364.387,383.0609665441,240.472,110.740158081055,10,83.7401428222656,261,490
4,22,1822,242.709110867179,498.385290889133,74.1323354570914,53.7607180820421,0.688539010795064,5.24375332166128,3451,1822,48.1647428157513,0.527962909301652,0.312628689087165,368.289,388.918830920369,249.742,110.740165710449,11.4017543792725,49.355354309082,252,498
5,22,1817,242.225646670336,501.671436433682,79.3552677706144,54.6219907079877,0.7254051143749,31.5370082535206,4000,1817,48.0986096762036,0.45425,0.248904109589041,337.665,357.504617357996,269.798,118.397026062012,11.4017543792725,60.3847923278809,242,502
1,23,2095,390.290692124105,193.826730310263,170.09502336745,24.8925495264791,0.989233618741961,-56.9025552305615,3692,2095,51.6472346425263,0.567443120260022,0.162340178225494,401.059,423.872149726143,344.5,180.237686157227,10.8166542053223,127.438667297363,404,213
2,23,2301,390.206866579748,198.456757931334,170.042527000755,26.4572907621358,0.987821374285775,-56.8895256378334,3893,2301,54.1269266856674,0.591060878499872,0.16494623655914,422.322,446.014285349874,358.361,187.30876159668,11.1803398132324,143.68132019043,409,226
3,23,2385,387.774423480084,202.546331236897,155.571734034248,27.4912157278177,0.984262805406526,-57.2283107092132,3916,2385,55.1060460765728,0.609039836567926,0.194980379332897,402.687,426.315800540039,333.922,173.237686157227,12.0415945053101,130.024459838867,404,227
4,23,2723,388.199045170768,204.420492104297,194.795549628481,30.9913279545015,0.987263005462002,-58.7323225206442,5448,2723,58.8815020215504,0.49981644640235,0.14367876741241,498.001,528.884343034963,422.577,225.450912475586,11.1803398132324,150.580825805664,402,223
5,23,2874,388.762700069589,217.760960334029,192.538870265933,43.0937652259565,0.974630837571703,-65.4352387944353,6734,2874,60.4920693278785,0.426789426789427,0.156749386419416,571.368,604.281312654634,440.191,244.036697387695,12.2065553665161,141.024459838867,399,227
6,23,3024,390.585978835979,214.306547619048,184.078863698576,38.0147682534788,0.97844375371062,-59.7010860593474,6856,3024,62.0505953499169,0.441073512252042,0.162092624356775,509.829,537.612265096321,419.594,215.622497558594,13.6014709472656,151.509750366211,399,229
7,23,2839,398.339203945051,224.793589292004,117.583711387265,48.3044382820371,0.911721462770449,-64.7865635179126,6012,2839,60.1226003055683,0.472222222222222,0.276436222005842,442.608,466.114790413262,322.4,156.024459838867,15,74.0832901000977,399,224
8,23,3005,403.357737104825,226.815640599002,107.496949976142,58.9641966992034,0.836137619556942,-65.5081347562621,6719,3005,61.8553541088333,0.447239172495907,0.27518315018315,467.402,493.913780286486,331.935,158.196029663086,15.6204996109009,65.2548522949219,403,224
9,23,3461,402.820861022826,219.171048829818,164.741886009231,65.4424018535664,0.91771388055698,-55.2788907393291,10108,3461,66.3828446537838,0.342402057776019,0.145481294661623,638.109,673.636651713961,468.238,228.593063354492,16,139.580825805664,414,228
10,23,3039,404.889108259296,222.177360974005,159.297960403699,53.4308364767615,0.942070672613251,-55.1683456724692,8177,3039,62.2043003051249,0.371652195181607,0.148243902439024,563.371,594.624458405141,425.828,208.208267211914,16.1245155334473,125.095520019531,416,231
1,24,1780,573.896629213483,823.513483146067,100.636331071778,30.0619449544943,0.954341234524431,-10.9539158264576,2554,1780,47.6063692128332,0.696945967110415,0.410895660203139,285.686,301.663996924429,252.966,124.669082641602,14.4222049713135,91.6985015869141,585,825
2,24,1572,574.960559796438,825.106234096692,81.4646510190455,28.2665850683521,0.937872617188119,-10.2978791591513,1885,1572,44.7384908588083,0.83395225464191,0.508080155138979,226.794,239.379725676967,201.585,97.284294128418,13.6014709472656,59.5563583374023,582,826
3,24,1607,570.329807093964,825.431860609832,84.9870913394944,30.2615485075723,0.934458411059154,-12.1741593637316,1970,1607,45.2337921071118,0.815736040609137,0.475162625665287,224.378,236.994949366117,210.491,102.012222290039,14.3178215026855,57.9705696105957,580,826
4,24,1575,568.456507936508,826.062222222222,84.9244418103452,28.4233023314691,0.942328535975692,-15.7562074550278,1979,1575,44.7811599108138,0.795856493178373,0.462690951821387,218.259,230.308657865102,208.606,103.84065246582,14.1421356201172,57.3847846984863,577,827
5,24,1670,564.968263473054,824.017964071856,92.5444424692526,28.4958921155098,0.951413625199626,-12.7648423961805,2210,1670,46.1119294728351,0.755656108597285,0.47823596792669,229.175,242.066017177982,216.992,106.183792114258,14.1421356201172,58.3847846984863,573,824
6,24,1693,555.759007678677,824.291199054932,108.30230171434,23.8053444971803,0.97554391814858,-12.8259969988882,2201,1693,46.4283808595199,0.769195820081781,0.447883597883598,245.095,259.137084989848,231.564,118.254867553711,11.7046995162964,65.6274337768555,566,825
7,24,1924,548.89501039501,822.337837837838,122.173886382301,25.5541865097056,0.977880912694573,-7.93368737288975,2665,1924,49.4945742892133,0.721951219512195,0.478012422360248,277.489,291.965512114594,255.662,125.012222290039,13,79.2132186889648,568,825
1,25,1347,584.287305122494,226.73422420193,53.2415658757955,34.2833923087211,0.7650915114305,-56.8552792379491,1746,1347,41.4132064293296,0.771477663230241,0.530942057548285,189.579,201.622366364086,154.605,65.7695770263672,14.2126703262329,32.5563468933105,581,224
2,25,1520,584.567105263158,232.414473684211,57.8685547246004,42.0433680499705,0.687132425753333,-63.7354788393494,2113,1520,43.9923187385872,0.719356365357312,0.477987421383648,241.639,256.107647738325,182.473,80.1837921142578,14.7648229598999,52.7989959716797,581,228
3,25,1549,581.542285345384,232.886378308586,59.616868752549,39.7311124816816,0.745557970545813,-81.3754328273808,2193,1549,44.4099994910467,0.706338349293206,0.471824550715809,237.347,249.622366364087,184.558,84.3553619384766,15.65247631073,53.798999786377,580,228
4,25,1630,586.894478527607,230.296319018405,74.2983799939121,36.9621926599521,0.867473635464222,78.5901571488731,2267,1630,45.5563437725013,0.719011910013233,0.412867274569402,233.832,247.03657992646,198.692,98.4264373779297,13.8924436569214,41.1421356201172,581,230
5,25,1674,587.42054958184,228.359020310633,82.9440005242558,39.6740354812944,0.878183901921183,83.8822728496344,2783,1674,46.1671203118265,0.601509162773985,0.3348,266.88,281.42135623731,230.796,111.598007202148,13.9283885955811,53.970573425293,583,225
6,25,1935,585.112144702842,230.075452196382,87.9059949109724,51.1299891312605,0.813443500412374,-88.0042952286107,3755,1935,49.6358592054428,0.515312916111851,0.283143107989464,321.497,338.776695296638,259.964,116.183792114258,13.4536237716675,59.7279281616211,584,225
7,25,1986,578.81419939577,232.555387713998,90.5892769853357,52.7045250348513,0.813334385716913,-73.03504973553,4161,1986,50.2857209935786,0.477289113193944,0.285426846795056,333.818,353.462986797653,265.828,120.42643737793,14.8660688400269,60.3847885131836,580,227
8,25,1884,577.478237791932,233.62101910828,93.9326295846215,59.3155124722998,0.775401393803429,-73.5081966920272,4211,1884,48.9773754123376,0.447399667537402,0.24966869864829,332.762,351.646752981727,274.106,122.254867553711,13.416407585144,60.798999786377,576,228
9,25,1917,579.534689619197,233.181011997913,97.6355847743835,63.5683884464027,0.759010765484581,-72.2492185795227,4702,1917,49.4044553381302,0.407698851552531,0.236141906873614,335.755,354.090403795622,287.702,128.497512817383,13.4536237716675,64.6274261474609,578,227
10,25,1994,579.827482447342,236.780341023069,101.49631410211,69.0079359784459,0.733299432942722,-75.3645393923058,5511,1994,50.3868996089451,0.361821810923607,0.214201310559673,387.088,408.960461480712,306.914,135.911727905273,12.806248664856,64.3847885131836,576,231
1,26,1062,770.798493408663,134.074387947269,80.9868772613337,19.7550804124801,0.96979299214282,73.3021397290359,1446,1062,36.7720056090057,0.734439834024896,0.318918918918919,208.269,219.722871427475,197.045,102.254867553711,8,48.2132110595703,774,123
2,26,1081,767.936170212766,133.813135985199,84.9632863031052,20.7961933711853,0.969581973854116,74.8612218632728,1575,1081,37.0994871643627,0.686349206349206,0.30331088664422,227.563,240.79393923934,212.717,112.911727905273,7.21110248565674,60.2132110595703,770,125
3,26,965,762.60829015544,135.708808290155,73.1497636779823,19.1199167930306,0.965235862386888,74.8051396458634,1261,965,35.0524772401243,0.765265662172879,0.453477443609023,178.636,188.852813742386,164.196,84.9411468505859,8.24621105194092,43.9705657958984,765,126
4,26,893,760.43673012318,134.581187010078,70.9404457163049,20.8224412092711,0.955952925882668,81.1296046308187,1283,893,33.7194738014771,0.696024941543258,0.418855534709193,191.438,202.267027304759,176.262,91.3553619384766,8.06225776672363,46.5563583374023,761,127
5,26,792,760.387626262626,127.258838383838,43.045263784081,29.2290320334278,0.734110381306206,71.35455843091,1206,792,31.7554045704074,0.656716417910448,0.382239382239382,161.914,171.438600180013,136.617,60.2132110595703,9.48683261871338,21.4852809906006,759,126
6,26,761,759.35085413929,125.566360052562,35.3873812689706,33.417399027099,0.328997074859203,-37.8588743099542,1164,761,31.1277254797626,0.653780068728522,0.412466124661247,162.295,171.095454429505,130.736,54.4558563232422,9.43398094177246,18.4852809906006,758,125
7,26,782,761.191815856777,127.728900255754,36.038174841002,32.7350611967064,0.418223757910332,-64.4141957507295,1158,782,31.5542916888162,0.675302245250432,0.428728070175439,160.318,169.438600180013,125.616,52.3847846984863,10.7703294754028,16.828426361084,759,127
8,26,731,765.642954856361,128.488372093023,40.1197260461055,27.7664845813221,0.721810657436785,83.0893371376106,993,731,30.508000708034,0.736153071500504,0.462365591397849,139.378,145.882250993909,122.35,54.1421432495117,10.0498752593994,20.6568546295166,763,127
9,26,832,765.637019230769,129.877403846154,48.3794557024921,28.9551415306298,0.801122229941958,78.9863783580948,1259,832,32.5474315610258,0.660841938046068,0.42020202020202,169.985,179.539105243401,146.027,69.284294128418,10.2956304550171,27.656852722168,763,129
10,26,770,765.253246753247,126.106493506494,43.8223565468039,25.266997758998,0.817042254115035,70.0335433152997,1036,770,31.311251163856,0.743243243243243,0.506912442396313,145.903,154.367532368147,127.278,60.8700675964355,8.9442720413208,31.3847732543945,761,132
1,27,879,64.8896473265074,825.689419795222,49.7958323259108,41.8664898981259,0.541403449564168,28.3038592113707,1769,879,33.4541112544065,0.496890898812889,0.382173913043478,215.192,227.521861300698,158.365,70.4974975585938,8.9442720413208,38.7989921569824,68,827
2,27,909,59.4026402640264,829.191419141914,59.1400654824699,37.3447455870441,0.775406251655699,23.0294122046713,1851,909,34.0202108483217,0.491085899513776,0.252219755826859,224.529,236.936074863071,184.466,80.3553695678711,9.48683261871338,40.3137130737305,61,828
3,27,1147,51.2048823016565,830.38535309503,50.47221948902,40.0003023721662,0.609844404166231,11.3870731799972,1787,1147,38.2152555638613,0.641857862339116,0.440984236831988,202.099,214.066017177982,162.5,67.5269241333008,10,58.9411430358887,60,829
4,27,1284,49.4493769470405,834.191588785047,63.8301658016005,40.1382037454823,0.777544329262001,17.8301537728316,2186,1284,40.4331494622908,0.587374199451052,0.357859531772575,240.085,254.007142674937,185.566,84.0832977294922,10,34.7279205322266,48,833
5,27,1234,66.4837925445705,825.975688816856,64.7367942751735,36.2808443096902,0.828197586794361,-8.04521204222279,2528,1234,39.6380826756693,0.488132911392405,0.372584541062802,259.776,274.007142674937,191.199,85.9117202758789,10,45.2132110595703,62,828
6,27,1100,79.1545454545455,825.229090909091,52.1655574118091,38.114031740391,0.682767240387884,-5.35715318849449,1872,1100,37.4241031850956,0.587606837606838,0.323339212228101,215.315,227.965512114594,164.912,77.6985092163086,10.2956304550171,56.3847885131836,72,826
7,27,1240,82.6120967741935,820.416129032258,52.7056854125645,48.8285933995412,0.376445346342558,25.1801208068062,1951,1240,39.734330691124,0.635571501793952,0.363636363636364,234.155,247.521861300698,173.99,85.2842864990234,9.43398094177246,42.3137092590332,75,825
8,27,1323,78.6621315192744,816.529856386999,69.1772484006822,59.8276889637295,0.502036688265555,64.460033710378,3088,1323,41.0426109998453,0.428432642487047,0.209335443037975,324.729,343.80613254816,238.927,110.112724304199,10,51.7279281616211,72,823
9,27,1170,74.908547008547,819.402564102564,54.094165166905,43.3548331716488,0.598035412203514,10.8306074532353,1941,1170,38.5965058954841,0.602782071097372,0.341107871720117,234.155,247.521861300698,181.325,81.7695846557617,10.1980390548706,39.8994979858398,69,814
10,27,1181,71.878916172735,813.375952582557,73.8774757263571,28.3110156455176,0.923658840654058,67.157611984491,2151,1181,38.777518001185,0.549046954904695,0.277882352941176,260.827,274.492424049175,200.208,95.0122299194336,9.48683261871338,55.1421432495117,69,821
1,28,2197,231.980427856167,506.102867546655,130.517415538092,30.2838261693869,0.972708867266348,-88.9294501607218,3691,2197,52.8895762866669,0.595231644540775,0.380038055699706,369.967,389.948268171891,304.588,153.083297729492,10.4403066635132,97.7990036010742,236,487
2,28,1701,231.243974132863,522.048794826573,91.9299923732498,26.9212073756425,0.95616003106804,81.3014830496961,2248,1701,46.5379465124377,0.756672597864769,0.568516042780749,231.393,243.279220613579,204.636,100.598007202148,10.2956304550171,40.9705657958984,232,522
3,28,1986,225.245216515609,543.932024169184,103.62603297723,30.2981657342828,0.956302260482104,81.7611739280863,2765,1986,50.2857209935786,0.718264014466546,0.447297297297297,288.796,304.735064736295,243.978,123.083297729492,11.1803398132324,75.8700714111328,225,530
4,28,1999,224.67883941971,534.782391195598,87.5222123027023,35.193895799816,0.915589663986369,71.892182924998,2668,1999,50.4500332004409,0.749250374812594,0.415938410320433,266.998,280.534054609518,218.267,106.598007202148,12.2065553665161,50.3847846984863,220,540
5,28,1812,228.842163355408,515.551324503311,79.6205381212838,34.3813990171942,0.901961858713447,81.0809767762123,2525,1812,48.0323854816739,0.717623762376238,0.433908045977011,249.819,264.249783362056,207.549,96.7695770263672,13.0384044647217,59.970573425293,233,505
6,28,2093,229.83850931677,512.896321070234,99.8340759390406,32.6333803030696,0.945067177495708,73.5662282740892,3057,2093,51.6225761380687,0.684658161596336,0.376303487953973,291.51,307.362481734264,245.426,122.154373168945,12.2065553665161,48.9411354064941,226,515
7,28,1751,217.123358081097,536.664191890348,77.8912686709592,36.9875311913965,0.880060772968211,-79.2837560796368,2574,1751,47.2169719786357,0.68026418026418,0.429166666666667,252.333,266.835569799683,205.77,101.598007202148,14.3178215026855,57.3847808837891,219,527
8,28,2101,211.996192289386,534.184198000952,81.6971352153596,47.0632717821821,0.817400337289368,-71.2275551655177,3750,2101,51.7211396190047,0.560266666666667,0.290715372907154,367.703,387.889393668846,251.697,120.183792114258,14.7648229598999,73.2842864990234,213,525
9,28,2220,205.084684684685,525.623873873874,88.2859661230935,46.8106690488785,0.847862339122585,-52.6862732312392,3661,2220,53.165701249133,0.606391696257853,0.3714859437751,361.064,379.931024229189,244.881,112.74015045166,14.1421356201172,49.7989959716797,208,522
1,30,953,314.656873032529,920.10388247639,41.9355984836095,31.4640496857991,0.661103724860712,-0.0687966942943761,1098,953,34.8338525881449,0.867941712204007,0.709077380952381,135.417,142.367532368147,119.024,46.2132110595703,11,35.6274185180664,308,921
2,30,829,299.680337756333,924.915560916767,38.4767637605903,29.158571257003,0.652460350447614,50.8804023264248,927,829,32.4886993058425,0.89428263214671,0.641640866873065,120.092,127.296464556282,112.508,47.8700637817383,12,14.4852809906006,300,923
3,30,784,295.572704081633,924.360969387755,37.1206029829222,27.7004196064543,0.665690861802475,-60.1490964715064,845,784,31.5946166786744,0.927810650887574,0.702508960573477,111.995,118.568542494924,105.114,43.6984939575195,11.4017543792725,7.6568546295166,295,924
4,30,1033,301.157792836399,931.631171345595,47.2288085855706,30.6246980531732,0.761272088852988,-15.6972652539082,1178,1033,36.2664645328356,0.876910016977929,0.620048019207683,147.301,155.195959492893,131.777,57.2842864990234,12,26.8994941711426,296,930
5,30,1170,310.894017094017,933.800854700855,58.645110989249,28.5780074427865,0.873232294861152,-29.1765734833014,1503,1170,38.5965058954841,0.778443113772455,0.479508196721311,180.986,191.480230740355,151.826,70.7695770263672,10,35.7989883422852,315,938
6,30,1073,303.77632805219,932.401677539609,49.9781067216481,29.3338450151981,0.809634855260306,-21.0793230663531,1247,1073,36.9619538377076,0.86046511627907,0.58,144.729,153.438600180013,132.364,61.3553619384766,11,33.9705619812012,299,929
7,30,951,288.208201892744,927.78443743428,38.6823742069168,33.6684408004737,0.492377130125068,3.7423262546888,1081,951,34.7972816042164,0.879740980573543,0.595864661654135,132.522,140.124891681028,120.464,49.6274261474609,12.6491107940674,12.2426404953003,287,926
8,30,868,290.254608294931,930.147465437788,35.8171442895361,31.7846855127496,0.460970610312357,49.804146495032,934,868,33.2441261703496,0.929336188436831,0.67027027027027,117.264,123.296464556282,107.348,42.0416374206543,12.2065553665161,7.24264097213745,289,929
9,30,808,287.455445544554,924.382425742574,38.3175022780924,27.2945896861451,0.701847782980628,-20.8290343887676,863,808,32.0745623843259,0.936268829663963,0.690598290598291,110.449,117.053823869162,104.618,40.041633605957,12.0415945053101,6.6568546295166,289,924
10,30,856,284.772196261682,926.678738317757,36.5444696071465,30.4479765070981,0.553007852324222,-24.6442856568121,914,856,33.0135282921002,0.936542669584245,0.680445151033386,113.253,119.296464556282,106.686,41.6274223327637,12.5299644470215,6.6568546295166,284,927
1,31,1238,411.970920840065,596.756865912762,86.7486525728134,19.222628414891,0.975139938697437,87.7422067870404,1473,1238,39.7022739447268,0.840461642905635,0.662386302835741,207.92,220.509667991878,189.212,99.3553619384766,9.21954441070557,43.9705696105957,412,594
2,31,1332,410.351351351351,593.210960960961,94.5584128112633,20.7187977227841,0.975699916175418,83.2623895028954,1649,1332,41.1819751054662,0.8077622801698,0.463949843260188,225.329,236.509667991878,213.278,106.455863952637,10,61.8994979858398,409,590
3,31,1076,413.588289962825,566.814126394052,52.8381971234205,29.3749437408004,0.83122145546827,56.8451206931048,1300,1076,37.013588722725,0.827692307692308,0.490652074783402,157.317,166.40916292849,141.09,62.9411468505859,12.6491107940674,22.9705600738525,411,569
4,31,1030,406.423300970874,570.433980582524,46.9688455201243,30.331810130869,0.763518691712797,67.2536365811626,1210,1030,36.2137643870009,0.851239669421488,0.561002178649238,149.055,157.338095116624,134.457,64.1837921142578,13.34166431427,18.5563468933105,406,572
5,31,1051,406.863939105614,570.241674595623,46.9167145372379,32.2070934318793,0.727154575677929,85.2163400437161,1267,1051,36.581071082141,0.829518547750592,0.612827988338192,156.73,164.994949366117,133.638,57.1127166748047,12.6491107940674,18.1421337127686,407,573
6,31,1311,404.012204424104,574.616323417239,67.3222081146062,29.5699451689765,0.89837456244438,78.6074720952683,1639,1311,40.8560527112911,0.799877974374619,0.527777777777778,190.778,200.894444302729,171.506,77.1127166748047,13.0384044647217,30.8994941711426,404,570
7,31,1726,406.492468134415,588.044611819235,108.747384881308,30.7070124596669,0.959305537125731,71.9234588435763,2976,1726,46.8786886998014,0.57997311827957,0.301748251748252,298.762,315.462986797653,248.733,130.083297729492,11.1803398132324,63.3553581237793,405,581
8,31,1516,400.632585751979,591.083773087071,89.4247103154793,24.6325149312143,0.961313866451657,83.6601725088053,1972,1516,43.9343959764841,0.768762677484787,0.54336917562724,238.33,251.480230740356,207.621,101.94115447998,11,60.5563583374023,402,582
9,31,1692,404.16548463357,597.56914893617,107.146810453739,23.8898478178291,0.974826751099413,76.7482993274244,2405,1692,46.4146669673703,0.703534303534304,0.378354203935599,267.79,283.320851173922,232.648,118.183792114258,9.84885787963867,61.970573425293,404,589
10,31,1574,397.188691232529,591.791613722999,72.3716321569458,32.7492981523267,0.891756447511691,85.0057723910477,2088,1574,44.7669414123094,0.753831417624521,0.49465744814582,218.937,231.722871427475,184.987,81.8700790405273,12.6491107940674,32.4852828979492,398,588
1,32,1307,752.828615149197,310.097169089518,86.5718202324324,21.0873290071673,0.969880330198456,-70.8418544253265,1747,1307,40.7936770219216,0.74813966800229,0.396902520498026,228.953,241.03657992646,195.516,98.5980072021484,8.24621105194092,55.2842864990234,746,294
2,32,1341,753.354958985831,310.82475764355,91.8526451013958,22.22036506785,0.97029790036332,-65.8089161782585,1885,1341,41.3208691763599,0.711405835543767,0.277295285359801,241.888,256.249783362056,222.088,116.911727905273,9.05538558959961,47.3847808837891,751,307
3,32,1241,740.164383561644,295.580983078163,109.486589735062,19.3207524302289,0.984306585697252,-75.2247220857148,2168,1241,39.7503493697393,0.572416974169742,0.27670011148272,280.806,297.178715550191,247.286,127.669082641602,8.06225776672363,71.0416412353516,739,293
4,32,1234,731.414910858995,279.205024311183,90.0146985606553,25.3636863722087,0.959481179998966,-79.0359429475257,1948,1234,39.6380826756693,0.63347022587269,0.403267973856209,228.985,243.379725676967,201.097,97.7695770263672,10.8166542053223,63.6274261474609,734,291
5,32,1269,731.113475177305,271.656422379827,88.7358446536817,24.94053045436,0.959688765887339,-80.0230412294934,1763,1269,40.1962807019371,0.719795802609189,0.375,237.951,250.693434175952,203.388,102.355361938477,9.21954441070557,67.0416412353516,733,282
6,32,1227,727.738386308068,257.879380603097,83.5575534746909,26.1727488830242,0.949677231527842,-78.5964459423787,1895,1227,39.5254971049074,0.647493403693931,0.371143375680581,230.309,243.865007051206,196.136,101.183792114258,9,72.5269317626953,731,269
7,32,1331,726.336589030804,252.713749060856,87.569407735102,24.0869592697269,0.961426677000176,-79.1361502703146,1891,1331,41.1665135036051,0.70386039132734,0.440145502645503,214.026,225.279220613579,190.95,95.4264373779297,9.89949512481689,62.1127166748047,730,270
8,32,1192,726.603187919463,249.423657718121,76.6158418091611,24.6813191329194,0.946690744716273,-85.7885987164594,1947,1192,38.9576890655017,0.612223934257833,0.386887374229146,210.187,223.722871427475,180.497,89.7695846557617,8.24621105194092,74.9411468505859,727,267
9,32,785,729.426751592357,264.617834394904,53.0550747937479,22.0799183978647,0.909286929741544,-84.3305213989837,1083,785,31.6147598854887,0.724838411819021,0.458796025715956,160.485,168.651803615609,135.325,66.2842864990234,8.9442720413208,24.3137073516846,730,265
10,32,644,726.346273291926,263.729813664596,39.8744793802024,26.7946616574049,0.740573640544631,72.9955798166394,910,644,28.6350531134385,0.707692307692308,0.487878787878788,144.738,152.509667991878,114.98,53.2132110595703,8.06225776672363,21.3137073516846,728,263
1,33,1013,791.598223099704,43.6604146100691,65.4942941485626,30.4419208933332,0.885414312557576,-73.1526777971198,1744,1013,35.9136695259162,0.580848623853211,0.315379825653798,209.345,220.450793488833,181.042,89.8406600952148,10.7703294754028,36.2842712402344,794,43
2,33,1142,787.343257443082,34.4859894921191,84.3035450120208,40.959194173447,0.874040116725509,-55.038418301019,2707,1142,38.131870660742,0.421869227927595,0.205988455988456,258.435,273.865007051206,223.775,114.911727905273,9.05538558959961,54.1127128601074,795,33
3,33,1324,783.043806646526,26.8315709969789,77.0433214742311,48.921985333894,0.772517724347842,-42.8792272299138,3279,1324,41.0581192607425,0.403781640744129,0.204320987654321,288.39,304.835569799683,241.201,120.669082641602,10,53.4558601379395,791,27
4,33,1387,782.260994953136,21.5234318673396,78.830113421237,47.7332600891183,0.795829607630417,-23.2647991534231,3584,1387,42.0236034693322,0.386997767857143,0.210151515151515,305.079,321.42135623731,244.875,116.183799743652,9.43398094177246,53.970573425293,790,23
5,33,1505,778.738870431894,21.846511627907,88.4329434840338,39.336658278857,0.895620460373175,-16.6347573553856,3468,1505,43.7747131895392,0.43396770472895,0.233877233877234,308.42,326.492424049176,246.265,113.598014831543,9.43398094177246,58.2132186889648,787,25
6,33,1416,779.055790960452,21.0056497175141,94.5030992644427,24.5422687654114,0.965689874078562,-11.6988128339301,2297,1416,42.4606546740037,0.61645624727906,0.342525399129173,278.739,295.906637611549,227.826,115.94115447998,9.48683261871338,62.5563583374023,780,25
7,33,1286,783.066874027994,19.2791601866252,90.6884783152334,23.3949671428738,0.966152749580136,-5.32011017395863,2240,1286,40.4646272011669,0.574107142857143,0.346630727762803,255.639,270.308657865102,227.073,112.455863952637,11.0453605651855,52.1421432495117,783,19
8,33,976,768.715163934426,15.3053278688525,93.0111760668596,28.0867167897713,0.953316978922491,-3.01143737911905,2205,976,35.2516920964302,0.442630385487528,0.263072776280323,255.045,268.693434175952,227.33,115.769584655762,10,78.3847885131836,780,12
9,33,868,761.64400921659,13.9723502304147,93.0559739854972,28.7457555110043,0.951091851563669,-4.89323814922513,2100,868,33.2441261703496,0.413333333333333,0.239316239316239,257.666,270.551298552221,222.143,108.698509216309,9.21954441070557,70.970573425293,773,15
10,33,895,759.235754189944,13.6279329608939,83.0013615879882,26.608838254247,0.947220376471375,-7.01844114682141,1719,895,33.757212452126,0.52065154159395,0.307348901098901,248.585,261.480230740356,208.82,106.112716674805,8.60232543945312,85.4558563232422,771,13
2,34,417,367.42206235012,999.47721822542,26.8890302047166,20.5567992673531,0.644617743312299,-51.5560090089868,494,417,23.0421546335095,0.84412955465587,0.594017094017094,103.172,108.710678118655,78.418,31.9705581665039,8.06225776672363,8.8284273147583,368,1000
3,34,713,361.497896213184,1003.10238429173,31.2280817472966,29.7805207826125,0.300932201751819,-32.068632770119,793,713,30.1300480483548,0.899117276166457,0.71875,135.491,144.610173055266,98.928,40.1421356201172,11.4017543792725,10.6568546295166,361,1002
4,34,651,363.276497695853,1002.15207373272,30.471273680636,27.7723427029412,0.411461729828813,10.8783816589719,740,651,28.7902577901378,0.87972972972973,0.701508620689655,114.535,121.78174593052,95.289,38.3847808837891,11.0453605651855,5.65685415267944,363,1002
5,34,595,361.939495798319,1003.61008403361,29.4292162582969,26.5538799102262,0.431115946934948,51.5547401688014,685,595,27.5241263097927,0.868613138686131,0.641163793103448,121.655,130.367532368147,90.956,37.7279243469238,10,9.6568546295166,361,1004
6,37,1939,235.99793708097,510.337802991233,103.608053972837,43.9039754793435,0.905778905347044,42.0757665237202,5084,1939,49.6871359331717,0.381392604248623,0.239382716049383,458.427,483.730014102412,286.862,133.639678955078,11.7046995162964,61.7990036010742,235,504
6,38,2309,116.006063230836,953.396275443915,144.530646395013,53.9291545360367,0.927777861288858,-14.4867708093806,6509,2309,54.2209379187919,0.354739591335074,0.203615520282187,446.495,471.185858225128,345.262,191.580825805664,10.7703294754028,130.124954223633,95,945
7,38,2437,115.679934345507,954.254821501847,137.789124448615,56.1859908820427,0.913085585627816,-15.0043080931602,6749,2437,55.7035436082804,0.361090531930656,0.209796831955923,475.068,502.499566724113,342.659,187.409240722656,12.1655254364014,127.468101501465,96,945
8,38,2346,113.545183290708,955.173060528559,141.172814053051,50.0650479121642,0.935004211912175,-14.1981315686822,6153,2346,54.6536364018781,0.381277425646026,0.227325581395349,414.141,437.487373415293,333.204,180.166595458984,12.3693170547485,119.225456237793,91,947
9,38,2127,119.943582510578,954.361542078044,132.119196849314,47.1418782861421,0.934175740406326,-21.8122356664772,5071,2127,52.0401817027159,0.419443896667324,0.229202586206897,394.995,417.102597104443,303.209,165.26708984375,12.1655254364014,118.225448608398,94,946
10,38,2128,122.876409774436,954.916353383459,120.550071074318,44.9935468847153,0.927736697684402,-23.0234056327182,4913,2128,52.052413500206,0.43313657642988,0.246524559777572,409.263,431.872149726143,287.67,148.124954223633,13.6014709472656,119.397018432617,99,949
7,39,2118,207.238432483475,960.434372049103,115.719712468022,51.2881824548737,0.896417605202373,-78.945706786757,4703,2118,51.9299658747151,0.450350839889432,0.245993031358885,350.824,370.717820793592,302.84,149.923950195312,12.0830459594727,78.3553619384766,214,975
7,40,2076,224.481695568401,523.137283236994,95.2697659408715,46.0776408915094,0.87525906300888,69.3668371875327,3983,2076,51.4125013481176,0.521215164448908,0.39392789373814,434.197,457.872149726142,246.565,121.225448608398,11.4017543792725,75.1837921142578,235,508
8,41,2354,216.95836873407,523.75106202209,125.341945803961,51.6912508327834,0.911002036672925,78.1698016903595,5546,2354,54.7467431753394,0.42445005409304,0.281848659003831,513.384,541.227488785471,313.661,156.953384399414,10,110.254867553711,227,508
9,44,2102,120.341579448145,397.23786869648,284.731166431447,29.1585176473224,0.994742563764369,37.1518735909197,5611,2102,51.7334468504981,0.3746212796293,0.0620828164687814,601.596,637.151370339723,532.398,283.019500732422,14.1421356201172,238.048919677734,78,431
9,45,2629,209.391783948269,530.855838721948,130.691167659836,52.6039597202805,0.915417412725819,84.0430923503747,6859,2629,57.8562594980763,0.383292025076542,0.237103174603175,560.169,591.168614282426,353.657,171.781814575195,13.4536237716675,152.46809387207,216,512
10,45,2958,208.972278566599,534.267748478702,135.67338353775,49.9325404726417,0.929811975935705,-88.3670812642246,5622,2958,61.3697203295453,0.526147278548559,0.34149157238513,500.822,530.783837971575,327.169,181.024459838867,11,94.0832901000977,216,534
9,46,1808,555.440818584071,824.243362831858,109.096033788794,24.8984100109755,0.973608486260148,-10.97645344254,2271,1808,47.9793403131095,0.796125055041832,0.492374727668845,244.202,256.894444302729,235.922,117.183792114258,12.0830459594727,51.3137168884277,560,823
10,46,1888,546.176906779661,823.991525423729,114.965092967711,24.8679013859471,0.97632511414357,-9.0930865390106,2652,1888,49.0293408120075,0.711915535444947,0.465483234714004,257.169,272.551298552221,239.742,116.112716674805,12.3693170547485,68.3847885131836,563,826
9,47,1963,585.352012226184,794.916454406521,82.2597644201868,47.0712959968769,0.820094954759337,7.20643641345016,4103,1963,49.9936918652256,0.478430416768218,0.264057035243476,356.562,377.747258045115,268.866,127.355369567871,13.152946472168,60.7990036010742,592,793
10,47,2175,578.471264367816,801.430804597701,90.4473292985506,68.508511079075,0.65290367315708,-37.9783075594285,5718,2175,52.6241010355424,0.380377754459601,0.203043315907394,426.297,449.931024229189,303.72,138.639663696289,11.7046995162964,61.7989959716797,584,803
10,48,1540,90.6603896103896,419.466883116883,103.003148177752,34.5693641149137,0.941999371492125,43.7443006100096,2570,1540,44.2807960507955,0.599221789883268,0.270745428973277,270.288,286.634559672907,221.256,109.468086242676,14,71.6690673828125,77,429
10,49,644,196.316770186335,340.36801242236,197.304386813885,8.9628574734545,0.998967681464251,35.2238882889091,1813,644,28.6350531134385,0.355212355212355,0.0458722131205926,362.58,381.771644662755,344.286,180.764617919922,2,150.137176513672,150,372
10,50,1868,207.709314775161,537.148286937902,75.2689572781201,40.0377879301151,0.846788567549055,-61.1824464375903,2944,1868,48.7689601033822,0.634510869565217,0.398634229620145,274.166,290.735064736295,207.765,91.0832977294922,12.806248664856,66.2132186889648,206,527
